email,password,nama,instansi,role
admin@domainanda.com,PasswordKuat123!,Administrator,,admin
kua.anjatan@domainanda.com,2IoBuBomP66S,Operator KUA Anjatan,KUA Kec. Anjatan,operator
kua.arahan@domainanda.com,6d1RClRs_XxB,Operator KUA Arahan,KUA Kec. Arahan,operator
kua.balongan@domainanda.com,tjLPRI6-4-VX,Operator KUA Balongan,KUA Kec. Balongan,operator
kua.bangodua@domainanda.com,yfUeVBQg-X2v,Operator KUA Bangodua,KUA Kec. Bangodua,operator
kua.bongas@domainanda.com,lSP_gC2YBmuk,Operator KUA Bongas,KUA Kec. Bongas,operator
kua.cantigi@domainanda.com,Tx-LbvWzJqaJ,Operator KUA Cantigi,KUA Kec. Cantigi,operator
kua.cikedung@domainanda.com,WO9vDIgnUJ01,Operator KUA Cikedung,KUA Kec. Cikedung,operator
kua.gabuswetan@domainanda.com,xYUGNFIRcwrZ,Operator KUA Gabuswetan,KUA Kec. Gabuswetan,operator
kua.gantar@domainanda.com,3N2XW3ELDSkq,Operator KUA Gantar,KUA Kec. Gantar,operator
kua.haurgeulis@domainanda.com,8a3K5hamRqef,Operator KUA Haurgeulis,KUA Kec. Haurgeulis,operator
kua.indramayu@domainanda.com,NsfduBKcmKT2,Operator KUA Indramayu,KUA Kec. Indramayu,operator
kua.jatibarang@domainanda.com,OuW85mAZVU1M,Operator KUA Jatibarang,KUA Kec. Jatibarang,operator
kua.juntinyuat@domainanda.com,V2l4rf7oab3L,Operator KUA Juntinyuat,KUA Kec. Juntinyuat,operator
kua.kandanghaur@domainanda.com,uIsSzfi0GEDh,Operator KUA Kandanghaur,KUA Kec. Kandanghaur,operator
kua.karangampel@domainanda.com,KdWWopD-r7pB,Operator KUA Karangampel,KUA Kec. Karangampel,operator
kua.kedokanbunder@domainanda.com,ObLckiac2Le0,Operator KUA Kedokan Bunder,KUA Kec. Kedokan Bunder,operator
kua.kertasemaya@domainanda.com,HVPnYcYDkste,Operator KUA Kertasemaya,KUA Kec. Kertasemaya,operator
kua.krangkeng@domainanda.com,fLIHWy_dQA_Y,Operator KUA Krangkeng,KUA Kec. Krangkeng,operator
kua.kroya@domainanda.com,Sr0MAf_z7pDH,Operator KUA Kroya,KUA Kec. Kroya,operator
kua.lelea@domainanda.com,Id_lNXwiEoKP,Operator KUA Lelea,KUA Kec. Lelea,operator
kua.lohbener@domainanda.com,p0n-J7p8yoh_,Operator KUA Lohbener,KUA Kec. Lohbener,operator
kua.losarang@domainanda.com,LFwLuvPn7PGD,Operator KUA Losarang,KUA Kec. Losarang,operator
kua.pasekan@domainanda.com,2MBpGUeVzMYJ,Operator KUA Pasekan,KUA Kec. Pasekan,operator
kua.patrol@domainanda.com,wWHevEqmP3ST,Operator KUA Patrol,KUA Kec. Patrol,operator
kua.sindang@domainanda.com,rIjT-rgroeHP,Operator KUA Sindang,KUA Kec. Sindang,operator
kua.sliyeg@domainanda.com,A7hf3rA1sGlI,Operator KUA Sliyeg,KUA Kec. Sliyeg,operator
kua.sukagumiwang@domainanda.com,U-xfQT3itxrJ,Operator KUA Sukagumiwang,KUA Kec. Sukagumiwang,operator
kua.sukra@domainanda.com,HnqFar1_ZXf0,Operator KUA Sukra,KUA Kec. Sukra,operator
kua.terisi@domainanda.com,Pyq1LO5UAE9B,Operator KUA Terisi,KUA Kec. Terisi,operator
kua.tukdana@domainanda.com,JpxUOFboL8Kg,Operator KUA Tukdana,KUA Kec. Tukdana,operator
kua.widasari@domainanda.com,Dm5YNkYA8ZZT,Operator KUA Widasari,KUA Kec. Widasari,operator